id,firstName,gender,avenue_id,avenue_name,avenue_categories,avenue_lat,avenue_lng
82210187,John,male,4efcacce0e014519c6e427d0,LeNoble Lumber,Factory,40.73118615637623,-73.93476224478621
53461030,Annie,female,4efcacce0e014519c6e427d0,LeNoble Lumber,Factory,40.73118615637623,-73.93476224478621
4933508,Grant,male,4efcacce0e014519c6e427d0,LeNoble Lumber,Factory,40.73118615637623,-73.93476224478621
82218,Oren,male,4efcacce0e014519c6e427d0,LeNoble Lumber,Factory,40.73118615637623,-73.93476224478621
60959911,Hakim,male,4b63658af964a520de762ae3,Kosciuszko Bridge,Bridge,40.727673425195626,-73.92887949943541
9841512,Christiana,female,4b63658af964a520de762ae3,Kosciuszko Bridge,Bridge,40.727673425195626,-73.92887949943541
85871361,Tim,male,4b63658af964a520de762ae3,Kosciuszko Bridge,Bridge,40.727673425195626,-73.92887949943541
2078459,Eliot,male,4b63658af964a520de762ae3,Kosciuszko Bridge,Bridge,40.727673425195626,-73.92887949943541
856349,Jake,male,4b63658af964a520de762ae3,Kosciuszko Bridge,Bridge,40.727673425195626,-73.92887949943541
27573291,Autumn,female,4b63658af964a520de762ae3,Kosciuszko Bridge,Bridge,40.727673425195626,-73.92887949943541
103708814,Juan,male,4b63658af964a520de762ae3,Kosciuszko Bridge,Bridge,40.727673425195626,-73.92887949943541
63971145,Rob,male,4b63658af964a520de762ae3,Kosciuszko Bridge,Bridge,40.727673425195626,-73.92887949943541
25097619,Fidel,male,4b63658af964a520de762ae3,Kosciuszko Bridge,Bridge,40.727673425195626,-73.92887949943541
7939457,George L.,male,4b63658af964a520de762ae3,Kosciuszko Bridge,Bridge,40.727673425195626,-73.92887949943541
68911884,Drew,male,4b63658af964a520de762ae3,Kosciuszko Bridge,Bridge,40.727673425195626,-73.92887949943541
8431328,Sheila,female,4b63658af964a520de762ae3,Kosciuszko Bridge,Bridge,40.727673425195626,-73.92887949943541
51564,armin,male,4b63658af964a520de762ae3,Kosciuszko Bridge,Bridge,40.727673425195626,-73.92887949943541
483909612,Qin,none,4b63658af964a520de762ae3,Kosciuszko Bridge,Bridge,40.727673425195626,-73.92887949943541
1181025,Chris,male,4b63658af964a520de762ae3,Kosciuszko Bridge,Bridge,40.727673425195626,-73.92887949943541
197054621,Kristen,female,4b63658af964a520de762ae3,Kosciuszko Bridge,Bridge,40.727673425195626,-73.92887949943541
2717634,Tom,male,4b63658af964a520de762ae3,Kosciuszko Bridge,Bridge,40.727673425195626,-73.92887949943541
128531641,Yngrid,female,4b63658af964a520de762ae3,Kosciuszko Bridge,Bridge,40.727673425195626,-73.92887949943541
466409873,Alyssa,female,4b63658af964a520de762ae3,Kosciuszko Bridge,Bridge,40.727673425195626,-73.92887949943541
100764535,David,male,4b63658af964a520de762ae3,Kosciuszko Bridge,Bridge,40.727673425195626,-73.92887949943541
4704723,Michael,none,4b63658af964a520de762ae3,Kosciuszko Bridge,Bridge,40.727673425195626,-73.92887949943541
403655800,Andrea,female,4b63658af964a520de762ae3,Kosciuszko Bridge,Bridge,40.727673425195626,-73.92887949943541
16264851,Jhonatan,male,4b63658af964a520de762ae3,Kosciuszko Bridge,Bridge,40.727673425195626,-73.92887949943541
188997488,Otis,male,4b63658af964a520de762ae3,Kosciuszko Bridge,Bridge,40.727673425195626,-73.92887949943541
552773,Mohammed,male,4b63658af964a520de762ae3,Kosciuszko Bridge,Bridge,40.727673425195626,-73.92887949943541
88341446,Julieta,female,4b63658af964a520de762ae3,Kosciuszko Bridge,Bridge,40.727673425195626,-73.92887949943541
10553045,Antonio,male,4b63658af964a520de762ae3,Kosciuszko Bridge,Bridge,40.727673425195626,-73.92887949943541
404016,Edward,male,4b63658af964a520de762ae3,Kosciuszko Bridge,Bridge,40.727673425195626,-73.92887949943541
68540703,Linda,female,4b63658af964a520de762ae3,Kosciuszko Bridge,Bridge,40.727673425195626,-73.92887949943541
47321,Nate,male,4b63658af964a520de762ae3,Kosciuszko Bridge,Bridge,40.727673425195626,-73.92887949943541
87256301,Damian,male,4b63658af964a520de762ae3,Kosciuszko Bridge,Bridge,40.727673425195626,-73.92887949943541
87119,Brendan,male,4b63658af964a520de762ae3,Kosciuszko Bridge,Bridge,40.727673425195626,-73.92887949943541
52799266,Rita,female,4b63658af964a520de762ae3,Kosciuszko Bridge,Bridge,40.727673425195626,-73.92887949943541
51253717,Andrey,male,4b63658af964a520de762ae3,Kosciuszko Bridge,Bridge,40.727673425195626,-73.92887949943541
139725,Janet,female,4b63658af964a520de762ae3,Kosciuszko Bridge,Bridge,40.727673425195626,-73.92887949943541
69875,Mark,male,4b63658af964a520de762ae3,Kosciuszko Bridge,Bridge,40.727673425195626,-73.92887949943541
148715595,Selina,female,4b63658af964a520de762ae3,Kosciuszko Bridge,Bridge,40.727673425195626,-73.92887949943541
3476432,IrmaZandl,female,4b63658af964a520de762ae3,Kosciuszko Bridge,Bridge,40.727673425195626,-73.92887949943541
14232231,Greg,male,4b63658af964a520de762ae3,Kosciuszko Bridge,Bridge,40.727673425195626,-73.92887949943541
20686764,Richard,male,4b63658af964a520de762ae3,Kosciuszko Bridge,Bridge,40.727673425195626,-73.92887949943541
12231969,Shari,female,4b63658af964a520de762ae3,Kosciuszko Bridge,Bridge,40.727673425195626,-73.92887949943541
10110614,RC,female,4b63658af964a520de762ae3,Kosciuszko Bridge,Bridge,40.727673425195626,-73.92887949943541
10407654,Blue,male,4b63658af964a520de762ae3,Kosciuszko Bridge,Bridge,40.727673425195626,-73.92887949943541
434529543,Eduardo,male,4b63658af964a520de762ae3,Kosciuszko Bridge,Bridge,40.727673425195626,-73.92887949943541
352403299,Amanda,female,4b63658af964a520de762ae3,Kosciuszko Bridge,Bridge,40.727673425195626,-73.92887949943541
12113441,Kino,male,4b63658af964a520de762ae3,Kosciuszko Bridge,Bridge,40.727673425195626,-73.92887949943541
113726185,Anni,none,4b63658af964a520de762ae3,Kosciuszko Bridge,Bridge,40.727673425195626,-73.92887949943541
11681222,Crystal,female,4b63658af964a520de762ae3,Kosciuszko Bridge,Bridge,40.727673425195626,-73.92887949943541
7843595,Lizzie,female,4b63658af964a520de762ae3,Kosciuszko Bridge,Bridge,40.727673425195626,-73.92887949943541
134642687,Charlie,male,4b63658af964a520de762ae3,Kosciuszko Bridge,Bridge,40.727673425195626,-73.92887949943541
3845066,Sherwin,male,4b63658af964a520de762ae3,Kosciuszko Bridge,Bridge,40.727673425195626,-73.92887949943541
383804120,Earl,male,4b63658af964a520de762ae3,Kosciuszko Bridge,Bridge,40.727673425195626,-73.92887949943541
1084512,Laura,female,4b63658af964a520de762ae3,Kosciuszko Bridge,Bridge,40.727673425195626,-73.92887949943541
90861615,John,male,4b63658af964a520de762ae3,Kosciuszko Bridge,Bridge,40.727673425195626,-73.92887949943541
415478932,Ivan_corona68,none,4b63658af964a520de762ae3,Kosciuszko Bridge,Bridge,40.727673425195626,-73.92887949943541
783508,Thomas,male,4b63658af964a520de762ae3,Kosciuszko Bridge,Bridge,40.727673425195626,-73.92887949943541
1916180,Don,male,4b63658af964a520de762ae3,Kosciuszko Bridge,Bridge,40.727673425195626,-73.92887949943541
11827985,John,male,4b63658af964a520de762ae3,Kosciuszko Bridge,Bridge,40.727673425195626,-73.92887949943541
80828985,Ilhan,male,4b63658af964a520de762ae3,Kosciuszko Bridge,Bridge,40.727673425195626,-73.92887949943541
10825533,Kriss,male,4b63658af964a520de762ae3,Kosciuszko Bridge,Bridge,40.727673425195626,-73.92887949943541
10444,Seiji,male,4b63658af964a520de762ae3,Kosciuszko Bridge,Bridge,40.727673425195626,-73.92887949943541
73045662,Rique,none,4b63658af964a520de762ae3,Kosciuszko Bridge,Bridge,40.727673425195626,-73.92887949943541
5943143,TYree,male,4b63658af964a520de762ae3,Kosciuszko Bridge,Bridge,40.727673425195626,-73.92887949943541
211799158,Anita,female,4b63658af964a520de762ae3,Kosciuszko Bridge,Bridge,40.727673425195626,-73.92887949943541
2596340,Andre,male,4b63658af964a520de762ae3,Kosciuszko Bridge,Bridge,40.727673425195626,-73.92887949943541
760445,Kerry,female,4b63658af964a520de762ae3,Kosciuszko Bridge,Bridge,40.727673425195626,-73.92887949943541
3158292,Elias,male,4b63658af964a520de762ae3,Kosciuszko Bridge,Bridge,40.727673425195626,-73.92887949943541
19795528,ÐÐ›Ð•ÐÐ,female,4b63658af964a520de762ae3,Kosciuszko Bridge,Bridge,40.727673425195626,-73.92887949943541
115293251,Maia,female,4b63658af964a520de762ae3,Kosciuszko Bridge,Bridge,40.727673425195626,-73.92887949943541
6512354,Peter,male,4b63658af964a520de762ae3,Kosciuszko Bridge,Bridge,40.727673425195626,-73.92887949943541
1251483,Jimbo,male,4b63658af964a520de762ae3,Kosciuszko Bridge,Bridge,40.727673425195626,-73.92887949943541
144994006,Michael,male,4b63658af964a520de762ae3,Kosciuszko Bridge,Bridge,40.727673425195626,-73.92887949943541
20749463,Christian,male,4b63658af964a520de762ae3,Kosciuszko Bridge,Bridge,40.727673425195626,-73.92887949943541
7088316,Rebecca,female,4b63658af964a520de762ae3,Kosciuszko Bridge,Bridge,40.727673425195626,-73.92887949943541
8040228,Eldon,male,4b63658af964a520de762ae3,Kosciuszko Bridge,Bridge,40.727673425195626,-73.92887949943541
88389605,Jordan,male,4b63658af964a520de762ae3,Kosciuszko Bridge,Bridge,40.727673425195626,-73.92887949943541
8878730,Evelyn,female,4b63658af964a520de762ae3,Kosciuszko Bridge,Bridge,40.727673425195626,-73.92887949943541
84163963,Benny,male,4b63658af964a520de762ae3,Kosciuszko Bridge,Bridge,40.727673425195626,-73.92887949943541
44574490,Darita,female,4b63658af964a520de762ae3,Kosciuszko Bridge,Bridge,40.727673425195626,-73.92887949943541
13947849,Sezin,female,4b63658af964a520de762ae3,Kosciuszko Bridge,Bridge,40.727673425195626,-73.92887949943541
144478804,Divaker,male,4b63658af964a520de762ae3,Kosciuszko Bridge,Bridge,40.727673425195626,-73.92887949943541
697738,RM,female,4b63658af964a520de762ae3,Kosciuszko Bridge,Bridge,40.727673425195626,-73.92887949943541
239180,Sunjay,male,4b63658af964a520de762ae3,Kosciuszko Bridge,Bridge,40.727673425195626,-73.92887949943541
4117672,Nancy,female,4b63658af964a520de762ae3,Kosciuszko Bridge,Bridge,40.727673425195626,-73.92887949943541
29303192,Don,male,4b63658af964a520de762ae3,Kosciuszko Bridge,Bridge,40.727673425195626,-73.92887949943541
97588,Becca,female,4b63658af964a520de762ae3,Kosciuszko Bridge,Bridge,40.727673425195626,-73.92887949943541
5641495,Amy,female,4b63658af964a520de762ae3,Kosciuszko Bridge,Bridge,40.727673425195626,-73.92887949943541
1354482,Eugenia,female,4b63658af964a520de762ae3,Kosciuszko Bridge,Bridge,40.727673425195626,-73.92887949943541
23688957,Zoe,none,4b63658af964a520de762ae3,Kosciuszko Bridge,Bridge,40.727673425195626,-73.92887949943541
58664824,Jason,male,4b63658af964a520de762ae3,Kosciuszko Bridge,Bridge,40.727673425195626,-73.92887949943541
9853948,Albert,male,4b63658af964a520de762ae3,Kosciuszko Bridge,Bridge,40.727673425195626,-73.92887949943541
8640336,Omer,male,4b63658af964a520de762ae3,Kosciuszko Bridge,Bridge,40.727673425195626,-73.92887949943541
84328700,Chris,male,4b63658af964a520de762ae3,Kosciuszko Bridge,Bridge,40.727673425195626,-73.92887949943541
2351201,î„ŽLeche,male,4b63658af964a520de762ae3,Kosciuszko Bridge,Bridge,40.727673425195626,-73.92887949943541
13708620,K,female,4b63658af964a520de762ae3,Kosciuszko Bridge,Bridge,40.727673425195626,-73.92887949943541
409521,Elijah Zu,male,4b63658af964a520de762ae3,Kosciuszko Bridge,Bridge,40.727673425195626,-73.92887949943541
7445168,Serg,male,4b63658af964a520de762ae3,Kosciuszko Bridge,Bridge,40.727673425195626,-73.92887949943541
57013833,Joseph,male,4b63658af964a520de762ae3,Kosciuszko Bridge,Bridge,40.727673425195626,-73.92887949943541
7057853,Geoff,male,4b63658af964a520de762ae3,Kosciuszko Bridge,Bridge,40.727673425195626,-73.92887949943541
2368287,George,male,4b63658af964a520de762ae3,Kosciuszko Bridge,Bridge,40.727673425195626,-73.92887949943541
2449602,Moses,male,4b63658af964a520de762ae3,Kosciuszko Bridge,Bridge,40.727673425195626,-73.92887949943541
51377076,Travis,male,4b63658af964a520de762ae3,Kosciuszko Bridge,Bridge,40.727673425195626,-73.92887949943541
1911255,Henry W.,male,4b63658af964a520de762ae3,Kosciuszko Bridge,Bridge,40.727673425195626,-73.92887949943541
48902669,ðŸŒŸJewelz â™’,none,4b63658af964a520de762ae3,Kosciuszko Bridge,Bridge,40.727673425195626,-73.92887949943541
9500,michael,male,4b63658af964a520de762ae3,Kosciuszko Bridge,Bridge,40.727673425195626,-73.92887949943541
4180041,FacePaulm,male,4b63658af964a520de762ae3,Kosciuszko Bridge,Bridge,40.727673425195626,-73.92887949943541
55258191,Abdullah TA1AB,male,4b63658af964a520de762ae3,Kosciuszko Bridge,Bridge,40.727673425195626,-73.92887949943541
22448384,Masha,female,4b63658af964a520de762ae3,Kosciuszko Bridge,Bridge,40.727673425195626,-73.92887949943541
23531708,Keilaina,female,4b63658af964a520de762ae3,Kosciuszko Bridge,Bridge,40.727673425195626,-73.92887949943541
54771158,Montana,male,4b63658af964a520de762ae3,Kosciuszko Bridge,Bridge,40.727673425195626,-73.92887949943541
54374884,Mawaah,female,4b63658af964a520de762ae3,Kosciuszko Bridge,Bridge,40.727673425195626,-73.92887949943541
44880102,Rob,male,4b63658af964a520de762ae3,Kosciuszko Bridge,Bridge,40.727673425195626,-73.92887949943541
19293217,Mauro,male,4b63658af964a520de762ae3,Kosciuszko Bridge,Bridge,40.727673425195626,-73.92887949943541
7807181,Marcello,male,4b63658af964a520de762ae3,Kosciuszko Bridge,Bridge,40.727673425195626,-73.92887949943541
32014308,George,male,4b63658af964a520de762ae3,Kosciuszko Bridge,Bridge,40.727673425195626,-73.92887949943541
26122182,Pamela >^~^<,female,4b63658af964a520de762ae3,Kosciuszko Bridge,Bridge,40.727673425195626,-73.92887949943541
18920758,Charles,male,4b63658af964a520de762ae3,Kosciuszko Bridge,Bridge,40.727673425195626,-73.92887949943541
783508,Thomas,male,4b93e932f964a520375934e3,Calvary Cemetery,Cemetery,40.73389298149529,-73.9305853843689
23621555,Pablo,male,4b93e932f964a520375934e3,Calvary Cemetery,Cemetery,40.73389298149529,-73.9305853843689
108259,Angel,none,51e58b7e498e129a8777653e,Polami International Meat Market,Market,40.731779053750635,-73.93427429481646
6111300,Tommi,male,51066903e4b0840c180387a1,Edge Auto Rental,Rental Car Location,40.73224171662678,-73.94251822675115
57981314,DanaD,female,51066903e4b0840c180387a1,Edge Auto Rental,Rental Car Location,40.73224171662678,-73.94251822675115
31596398,Oswald,male,51066903e4b0840c180387a1,Edge Auto Rental,Rental Car Location,40.73224171662678,-73.94251822675115
93999219,Maree,female,51066903e4b0840c180387a1,Edge Auto Rental,Rental Car Location,40.73224171662678,-73.94251822675115
3624899,Spike,none,51066903e4b0840c180387a1,Edge Auto Rental,Rental Car Location,40.73224171662678,-73.94251822675115
81445,Dylan,male,51066903e4b0840c180387a1,Edge Auto Rental,Rental Car Location,40.73224171662678,-73.94251822675115
113496093,Aleksi,male,51066903e4b0840c180387a1,Edge Auto Rental,Rental Car Location,40.73224171662678,-73.94251822675115
67634076,Neal,male,51066903e4b0840c180387a1,Edge Auto Rental,Rental Car Location,40.73224171662678,-73.94251822675115
43312811,Dan,male,51066903e4b0840c180387a1,Edge Auto Rental,Rental Car Location,40.73224171662678,-73.94251822675115
82218,Oren,male,51066903e4b0840c180387a1,Edge Auto Rental,Rental Car Location,40.73224171662678,-73.94251822675115
783508,Thomas,male,4b889d2ef964a5208a0432e3,John Byrne-Greenpoint Avenue Bridge,Bridge,40.733260889731525,-73.94037812948227
24341783,Josh,male,4b889d2ef964a5208a0432e3,John Byrne-Greenpoint Avenue Bridge,Bridge,40.733260889731525,-73.94037812948227
106415512,Liz,female,4b889d2ef964a5208a0432e3,John Byrne-Greenpoint Avenue Bridge,Bridge,40.733260889731525,-73.94037812948227
416101970,Juan,male,4b889d2ef964a5208a0432e3,John Byrne-Greenpoint Avenue Bridge,Bridge,40.733260889731525,-73.94037812948227
353723175,Syeda,female,4b889d2ef964a5208a0432e3,John Byrne-Greenpoint Avenue Bridge,Bridge,40.733260889731525,-73.94037812948227
6777338,Yasmeen,female,4b889d2ef964a5208a0432e3,John Byrne-Greenpoint Avenue Bridge,Bridge,40.733260889731525,-73.94037812948227
13708620,K,female,4b889d2ef964a5208a0432e3,John Byrne-Greenpoint Avenue Bridge,Bridge,40.733260889731525,-73.94037812948227
24939878,Gregory,male,4b889d2ef964a5208a0432e3,John Byrne-Greenpoint Avenue Bridge,Bridge,40.733260889731525,-73.94037812948227
230356,ph,male,4b889d2ef964a5208a0432e3,John Byrne-Greenpoint Avenue Bridge,Bridge,40.733260889731525,-73.94037812948227
2099759,Tara ðŸŒ›ðŸŒðŸŒœ,female,4b889d2ef964a5208a0432e3,John Byrne-Greenpoint Avenue Bridge,Bridge,40.733260889731525,-73.94037812948227
25198562,Nancy A.,female,4b889d2ef964a5208a0432e3,John Byrne-Greenpoint Avenue Bridge,Bridge,40.733260889731525,-73.94037812948227
1224684,STEVE,male,4be80656947820a1bf5ab4db,Empire Merchants,Liquor Store,40.72764881516112,-73.93412308224175
1070691,Kevin,male,4be80656947820a1bf5ab4db,Empire Merchants,Liquor Store,40.72764881516112,-73.93412308224175
1224684,STEVE,male,50741b46e4b094213b9c1339,Empire Merchants,Building,40.727161928166716,-73.93422146802367
68911884,Drew,male,4f077086e4b05f830c76fdfb,Fire Foe,Factory,40.73405752519362,-73.93701827985555
52958734,Steven,male,4dcc4f8945dd853165ef34e6,NYPD Queens Tow Operations,Police Station,40.72950633090123,-73.92775594254273
7807181,Marcello,male,4dcc4f8945dd853165ef34e6,NYPD Queens Tow Operations,Police Station,40.72950633090123,-73.92775594254273
118051205,Neil,male,512ce96ee4b04588701a85ef,FlatRate Carpet,Factory,40.724432,-73.937738
50179985,Danny,male,512ce96ee4b04588701a85ef,FlatRate Carpet,Factory,40.724432,-73.937738
6283754,Nicole,female,59a32e853149b949ae7d065f,Welcome Home Studio,Art Studio,40.725472,-73.936778
9610642,Ashley,female,59a32e853149b949ae7d065f,Welcome Home Studio,Art Studio,40.725472,-73.936778
88280630,Cristina,female,59a32e853149b949ae7d065f,Welcome Home Studio,Art Studio,40.725472,-73.936778
74094026,Carly,female,59a32e853149b949ae7d065f,Welcome Home Studio,Art Studio,40.725472,-73.936778
9982290,Connie,female,59a32e853149b949ae7d065f,Welcome Home Studio,Art Studio,40.725472,-73.936778
4797,Louisiana,female,5253183611d2c499cc46104f,AudioFemme HQ,Office,40.726564147739026,-73.94043385548419
60534546,Aleksandra,female,50f87f42e4b0d0f8bf24fd29,JK Automotive Repair,Automotive Shop,40.7302588218159,-73.94267260346909
118051205,Neil,male,509914dee889d248778d173d,Flat Rate Carpet,Other Repair Shop,40.7242,-73.93773
49892027,Sagiv,male,509914dee889d248778d173d,Flat Rate Carpet,Other Repair Shop,40.7242,-73.93773
7807181,Marcello,male,509914dee889d248778d173d,Flat Rate Carpet,Other Repair Shop,40.7242,-73.93773
50179985,Danny,male,509914dee889d248778d173d,Flat Rate Carpet,Other Repair Shop,40.7242,-73.93773
7294631,Bat,male,509914dee889d248778d173d,Flat Rate Carpet,Other Repair Shop,40.7242,-73.93773
8053023,Yogev,male,509914dee889d248778d173d,Flat Rate Carpet,Other Repair Shop,40.7242,-73.93773
40884332,Tomas,male,509914dee889d248778d173d,Flat Rate Carpet,Other Repair Shop,40.7242,-73.93773
19367658,Dave,male,4aca1f0ff964a5207ec020e3,SMC Stone,Distribution Center,40.72648229351451,-73.93967002630234
75710461,SummerD,female,45ebca92f964a52092431fe3,Shangri-La Studios,Event Space,40.726575170281706,-73.94056235767371
92842329,Eli,male,45ebca92f964a52092431fe3,Shangri-La Studios,Event Space,40.726575170281706,-73.94056235767371
92807526,Max,male,45ebca92f964a52092431fe3,Shangri-La Studios,Event Space,40.726575170281706,-73.94056235767371
2005830,Aaron,male,50466a80e4b05ccf2edeb22c,Broadway Stages - Stage 19,General Entertainment,40.728946686342695,-73.94228898451439
8431328,Sheila,female,4e0b4450b61cf2466a0e684f,City Scrap Metal,Office,40.737148119587566,-73.93409749092567
20615593,Dorothy,female,4bc21949f8219c742e46b410,MTA B69 Bus,Bus Line,40.72540497175607,-73.9324951171875
438159,Philip,male,4bc21949f8219c742e46b410,MTA B69 Bus,Bus Line,40.72540497175607,-73.9324951171875
114801824,Rocco,male,509a8735e4b013eecb4aa4d4,York Studios,Performing Arts Venue,40.72906382565758,-73.93005759079094
8972403,Robert,male,4d24baa314f2b1f7b8e570be,Waste Management,Building,40.72677355815152,-73.93137527262064
10767200,Charles,male,4d24baa314f2b1f7b8e570be,Waste Management,Building,40.72677355815152,-73.93137527262064
2230891,Paul,male,4d24baa314f2b1f7b8e570be,Waste Management,Building,40.72677355815152,-73.93137527262064
18995257,Joe,male,4d24baa314f2b1f7b8e570be,Waste Management,Building,40.72677355815152,-73.93137527262064
9966369,Carlos,male,4c3200c77cc0c9b6ee8bef9a,MacMurray Beach,Beach,40.725346221197164,-73.94061180819402
34792192,Mankynd,male,4ae61355f964a52085a421e3,Silvercup East,Building,40.736223053128086,-73.93749474191857
13480129,C,female,4ae61355f964a52085a421e3,Silvercup East,Building,40.736223053128086,-73.93749474191857
13834,Robin,female,4ae61355f964a52085a421e3,Silvercup East,Building,40.736223053128086,-73.93749474191857
18672492,Charlie,male,4ae61355f964a52085a421e3,Silvercup East,Building,40.736223053128086,-73.93749474191857
8011764,Frank,male,4ae61355f964a52085a421e3,Silvercup East,Building,40.736223053128086,-73.93749474191857
85012967,Yavuz,male,4ae61355f964a52085a421e3,Silvercup East,Building,40.736223053128086,-73.93749474191857
118614913,Ruth,none,4ae61355f964a52085a421e3,Silvercup East,Building,40.736223053128086,-73.93749474191857
7003113,Takao,male,4ae61355f964a52085a421e3,Silvercup East,Building,40.736223053128086,-73.93749474191857
11922958,Diane,female,4ae61355f964a52085a421e3,Silvercup East,Building,40.736223053128086,-73.93749474191857
1723151,Kevin,male,4ae61355f964a52085a421e3,Silvercup East,Building,40.736223053128086,-73.93749474191857
2005830,Aaron,male,4ae61355f964a52085a421e3,Silvercup East,Building,40.736223053128086,-73.93749474191857
114801824,Rocco,male,4ae61355f964a52085a421e3,Silvercup East,Building,40.736223053128086,-73.93749474191857
67601886,Chris,male,4ae61355f964a52085a421e3,Silvercup East,Building,40.736223053128086,-73.93749474191857
82218,Oren,male,4ae61355f964a52085a421e3,Silvercup East,Building,40.736223053128086,-73.93749474191857
33304061,Nanci,female,4ae61355f964a52085a421e3,Silvercup East,Building,40.736223053128086,-73.93749474191857
6639757,Nick,male,4ae61355f964a52085a421e3,Silvercup East,Building,40.736223053128086,-73.93749474191857
5491328,Henney,male,4ae61355f964a52085a421e3,Silvercup East,Building,40.736223053128086,-73.93749474191857
31872228,Robin,male,5a05e23ab54618578358ce59,Alkemy,Coffee Shop,40.726091,-73.939194
102537853,Amelia,female,5a05e23ab54618578358ce59,Alkemy,Coffee Shop,40.726091,-73.939194
856349,Jake,male,5a05e23ab54618578358ce59,Alkemy,Coffee Shop,40.726091,-73.939194
33749247,Dmitry,male,5a05e23ab54618578358ce59,Alkemy,Coffee Shop,40.726091,-73.939194
1712152,Matt,male,5a05e23ab54618578358ce59,Alkemy,Coffee Shop,40.726091,-73.939194
5067356,Jill,female,5a05e23ab54618578358ce59,Alkemy,Coffee Shop,40.726091,-73.939194
1180866,Daniel,male,5a05e23ab54618578358ce59,Alkemy,Coffee Shop,40.726091,-73.939194
170986097,Mo,female,5a05e23ab54618578358ce59,Alkemy,Coffee Shop,40.726091,-73.939194
14662377,Ian,none,5a05e23ab54618578358ce59,Alkemy,Coffee Shop,40.726091,-73.939194
45275,Graham,male,55c8cf98498eb88463218606,Windmill Studios,Office,40.72664789025847,-73.94156471347081
93390630,Matthew,none,55c8cf98498eb88463218606,Windmill Studios,Office,40.72664789025847,-73.94156471347081
34792192,Mankynd,male,55c8cf98498eb88463218606,Windmill Studios,Office,40.72664789025847,-73.94156471347081
5215542,Dan,male,55c8cf98498eb88463218606,Windmill Studios,Office,40.72664789025847,-73.94156471347081
33749247,Dmitry,male,4a9ace8af964a520d83220e3,Susan Laundromat,Laundry Service,40.72585883144402,-73.94181447150102
365684,Nathen,male,4a9ace8af964a520d83220e3,Susan Laundromat,Laundry Service,40.72585883144402,-73.94181447150102
34720932,Vincent,male,4a9ace8af964a520d83220e3,Susan Laundromat,Laundry Service,40.72585883144402,-73.94181447150102
88013,Alan,male,4a9ace8af964a520d83220e3,Susan Laundromat,Laundry Service,40.72585883144402,-73.94181447150102
34792192,Mankynd,male,52532b4011d2c499ccf9830a,Broadway Stages - Stage 23,Performing Arts Venue,40.729977046898924,-73.94282300045512
113477813,jennifer,female,52532b4011d2c499ccf9830a,Broadway Stages - Stage 23,Performing Arts Venue,40.729977046898924,-73.94282300045512
681656,misskittyinnyc,female,52532b4011d2c499ccf9830a,Broadway Stages - Stage 23,Performing Arts Venue,40.729977046898924,-73.94282300045512
34792192,Mankynd,male,55b8c0f1498e9beac127e349,ABC Studios - Marvel,TV Station,40.72975270844946,-73.94422249075443
1597310,Frank,male,4bca2751fb84c9b6b98c1c3e,The Morgan Fine Arts Building,Building,40.72656822510329,-73.94022901532644
437085503,Lianne,female,539853bf498ecd1162768010,Habitat 101,Residential Building (Apartment / Condo),40.72656978046903,-73.94109051470328
20661305,Ã–zel,male,539853bf498ecd1162768010,Habitat 101,Residential Building (Apartment / Condo),40.72656978046903,-73.94109051470328
109459138,Lou,male,4daddc6dfa8cf04fbdf2a8ec,GT Rentals,Hardware Store,40.72603773,-73.9378289
135205900,Luan Lou,male,4daddc6dfa8cf04fbdf2a8ec,GT Rentals,Hardware Store,40.72603773,-73.9378289
421045467,Sascha,male,4e851d8b7ee6e2d6518d38bf,Silvercup East -Stage C,General Entertainment,40.73640662031081,-73.93868876218258
3277352,Marivic,female,4e851d8b7ee6e2d6518d38bf,Silvercup East -Stage C,General Entertainment,40.73640662031081,-73.93868876218258
129137791,Adam,male,514202bfe4b0bab059168cb1,broadway stages stage 22,Performing Arts Venue,40.72953390565872,-73.94233594873329
8011764,Frank,male,514202bfe4b0bab059168cb1,broadway stages stage 22,Performing Arts Venue,40.72953390565872,-73.94233594873329
113477813,jennifer,female,514202bfe4b0bab059168cb1,broadway stages stage 22,Performing Arts Venue,40.72953390565872,-73.94233594873329
5799639,NHPhotography,male,514202bfe4b0bab059168cb1,broadway stages stage 22,Performing Arts Venue,40.72953390565872,-73.94233594873329
1927578,Tischa,female,514202bfe4b0bab059168cb1,broadway stages stage 22,Performing Arts Venue,40.72953390565872,-73.94233594873329
54477591,Anita,female,50be45e4e4b05ba337a12aac,Broadway Stages - Stage 25,General Entertainment,40.729454360822274,-73.94237410523341
34792192,Mankynd,male,56a6401e498e478b4dc5f9a1,Broadway Stages,General Entertainment,40.730500685606664,-73.94422249075441
503942,Jackie,female,50208c5ee4b0c49dd7f2879c,TESLA service,Automotive Shop,40.7382106328762,-73.93473928246223
2732760,Richard,male,4ffb5bc9e4b064f1d366657f,Fairway Market,Grocery Store,40.73025032666645,-73.94248317194982
276818,Mike,male,5229cabb93cdff812f3b2e21,"You & Yours Fine Vintage, LLC",Thrift / Vintage Store,40.72665710257044,-73.93989801406859
38053539,Kappie,female,5229cabb93cdff812f3b2e21,"You & Yours Fine Vintage, LLC",Thrift / Vintage Store,40.72665710257044,-73.93989801406859
73568012,Celena,female,5229cabb93cdff812f3b2e21,"You & Yours Fine Vintage, LLC",Thrift / Vintage Store,40.72665710257044,-73.93989801406859
65947051,"You & Yours Fine Vintage, LLC",none,5229cabb93cdff812f3b2e21,"You & Yours Fine Vintage, LLC",Thrift / Vintage Store,40.72665710257044,-73.93989801406859
13866775,Emilie,none,4f320e8b19833175d60c3547,Jj Deli,Deli / Bodega,40.73392873565203,-73.93771288078538
68911884,Drew,male,4f320e8b19833175d60c3547,Jj Deli,Deli / Bodega,40.73392873565203,-73.93771288078538
783508,Thomas,male,4f320e8b19833175d60c3547,Jj Deli,Deli / Bodega,40.73392873565203,-73.93771288078538
7561468,Tom,male,56ac1785498e2a4a60bab926,Pizzeria LaFerrera,Pizza Place,40.725233,-73.941776
33709752,Jade,female,56ac1785498e2a4a60bab926,Pizzeria LaFerrera,Pizza Place,40.725233,-73.941776
11645267,Anna,female,4b80663df964a520c66e30e3,Bantry Bay Publick House,Bar,40.73566934760189,-73.93478031695868
97236,Will,male,4b80663df964a520c66e30e3,Bantry Bay Publick House,Bar,40.73566934760189,-73.93478031695868
5098533,Johnny,male,4b80663df964a520c66e30e3,Bantry Bay Publick House,Bar,40.73566934760189,-73.93478031695868
4899367,Tyrone,male,4b80663df964a520c66e30e3,Bantry Bay Publick House,Bar,40.73566934760189,-73.93478031695868
1827006,Nick,male,4b80663df964a520c66e30e3,Bantry Bay Publick House,Bar,40.73566934760189,-73.93478031695868
157020959,Cynthia,female,4b80663df964a520c66e30e3,Bantry Bay Publick House,Bar,40.73566934760189,-73.93478031695868
9525346,Branko,male,4b80663df964a520c66e30e3,Bantry Bay Publick House,Bar,40.73566934760189,-73.93478031695868
5647016,Executive Chef Chris,male,4b80663df964a520c66e30e3,Bantry Bay Publick House,Bar,40.73566934760189,-73.93478031695868
67763892,Wailana,none,4b80663df964a520c66e30e3,Bantry Bay Publick House,Bar,40.73566934760189,-73.93478031695868
191761706,Luc,male,4b80663df964a520c66e30e3,Bantry Bay Publick House,Bar,40.73566934760189,-73.93478031695868
81445,Dylan,male,4b80663df964a520c66e30e3,Bantry Bay Publick House,Bar,40.73566934760189,-73.93478031695868
4293943,R,male,4b80663df964a520c66e30e3,Bantry Bay Publick House,Bar,40.73566934760189,-73.93478031695868
45195501,Kate ðŸ’Ž,none,4b80663df964a520c66e30e3,Bantry Bay Publick House,Bar,40.73566934760189,-73.93478031695868
11922958,Diane,female,4b80663df964a520c66e30e3,Bantry Bay Publick House,Bar,40.73566934760189,-73.93478031695868
783508,Thomas,male,4b80663df964a520c66e30e3,Bantry Bay Publick House,Bar,40.73566934760189,-73.93478031695868
8622462,jamie,female,4b80663df964a520c66e30e3,Bantry Bay Publick House,Bar,40.73566934760189,-73.93478031695868
321252,Michael,male,4b80663df964a520c66e30e3,Bantry Bay Publick House,Bar,40.73566934760189,-73.93478031695868
24716617,Rick,male,4b80663df964a520c66e30e3,Bantry Bay Publick House,Bar,40.73566934760189,-73.93478031695868
3604216,Kyle,male,4b80663df964a520c66e30e3,Bantry Bay Publick House,Bar,40.73566934760189,-73.93478031695868
75710461,SummerD,female,4b80663df964a520c66e30e3,Bantry Bay Publick House,Bar,40.73566934760189,-73.93478031695868
3238151,Liz,female,4b80663df964a520c66e30e3,Bantry Bay Publick House,Bar,40.73566934760189,-73.93478031695868
16949372,Ali,male,4b80663df964a520c66e30e3,Bantry Bay Publick House,Bar,40.73566934760189,-73.93478031695868
9192791,Steve,male,4b80663df964a520c66e30e3,Bantry Bay Publick House,Bar,40.73566934760189,-73.93478031695868
26345378,Brent,male,4b80663df964a520c66e30e3,Bantry Bay Publick House,Bar,40.73566934760189,-73.93478031695868
8237165,Bill,male,4b80663df964a520c66e30e3,Bantry Bay Publick House,Bar,40.73566934760189,-73.93478031695868
20031301,Ray,male,4b80663df964a520c66e30e3,Bantry Bay Publick House,Bar,40.73566934760189,-73.93478031695868
1039671,Vania,female,4b80663df964a520c66e30e3,Bantry Bay Publick House,Bar,40.73566934760189,-73.93478031695868
67410890,Thomas,male,4b80663df964a520c66e30e3,Bantry Bay Publick House,Bar,40.73566934760189,-73.93478031695868
51202113,O.J.,female,4b80663df964a520c66e30e3,Bantry Bay Publick House,Bar,40.73566934760189,-73.93478031695868
3599958,Jason,male,4b80663df964a520c66e30e3,Bantry Bay Publick House,Bar,40.73566934760189,-73.93478031695868
7807181,Marcello,male,4b80663df964a520c66e30e3,Bantry Bay Publick House,Bar,40.73566934760189,-73.93478031695868
52150690,ValÃ©ria,female,4eecf6bd722ea7761716527a,"Morgan Ave, Brooklyn",Bridge,40.72426892031447,-73.9365188545079
71269782,Rayanne,female,4eecf6bd722ea7761716527a,"Morgan Ave, Brooklyn",Bridge,40.72426892031447,-73.9365188545079
40438610,Amit,male,4eecf6bd722ea7761716527a,"Morgan Ave, Brooklyn",Bridge,40.72426892031447,-73.9365188545079
8756035,Bill,male,4eecf6bd722ea7761716527a,"Morgan Ave, Brooklyn",Bridge,40.72426892031447,-73.9365188545079
9853948,Albert,male,4eecf6bd722ea7761716527a,"Morgan Ave, Brooklyn",Bridge,40.72426892031447,-73.9365188545079
50674399,Matthew,male,4eecf6bd722ea7761716527a,"Morgan Ave, Brooklyn",Bridge,40.72426892031447,-73.9365188545079
48200148,Suzie Q,female,4eecf6bd722ea7761716527a,"Morgan Ave, Brooklyn",Bridge,40.72426892031447,-73.9365188545079
43279440,S,female,4eecf6bd722ea7761716527a,"Morgan Ave, Brooklyn",Bridge,40.72426892031447,-73.9365188545079
43123704,Rosemary,female,4eecf6bd722ea7761716527a,"Morgan Ave, Brooklyn",Bridge,40.72426892031447,-73.9365188545079
7807181,Marcello,male,4eecf6bd722ea7761716527a,"Morgan Ave, Brooklyn",Bridge,40.72426892031447,-73.9365188545079
32014308,George,male,4eecf6bd722ea7761716527a,"Morgan Ave, Brooklyn",Bridge,40.72426892031447,-73.9365188545079
31506568,Michelle,female,51b9df03498e3d46c83b55a4,nadines newstyle salon,Salon / Barbershop,40.726004111584075,-73.94020997926215
90789408,ÙØ§Ø±Ø³,male,4f883518e4b0abaa017ce468,BulbAmerica.com,Furniture / Home Store,40.73476689641743,-73.93870024311093
87118347,Travel,none,4f883518e4b0abaa017ce468,BulbAmerica.com,Furniture / Home Store,40.73476689641743,-73.93870024311093
79598216,Aldon,male,4f883518e4b0abaa017ce468,BulbAmerica.com,Furniture / Home Store,40.73476689641743,-73.93870024311093
79576747,Elton,male,4f883518e4b0abaa017ce468,BulbAmerica.com,Furniture / Home Store,40.73476689641743,-73.93870024311093
73038012,LeMar,male,4f883518e4b0abaa017ce468,BulbAmerica.com,Furniture / Home Store,40.73476689641743,-73.93870024311093
36144746,Joseph,male,4f883518e4b0abaa017ce468,BulbAmerica.com,Furniture / Home Store,40.73476689641743,-73.93870024311093
3036428,Novelia Gita,female,4f883518e4b0abaa017ce468,BulbAmerica.com,Furniture / Home Store,40.73476689641743,-73.93870024311093
435763,Lou,male,4ea1d91a61af76b39c4a7888,The Iron Society,Salon / Barbershop,40.724426088228306,-73.93759233038934
37449714,Justin,male,4ea1d91a61af76b39c4a7888,The Iron Society,Salon / Barbershop,40.724426088228306,-73.93759233038934
8237165,Bill,male,4c513e8e991c20a1425e7587,Gulf,Gas Station,40.73461894709829,-73.93810050482351
856349,Jake,male,4be6c6ebd4f7c9b68b092720,John's Deli & Grocery,Deli / Bodega,40.725937671356334,-73.9408881095205
34792192,Mankynd,male,4be6c6ebd4f7c9b68b092720,John's Deli & Grocery,Deli / Bodega,40.725937671356334,-73.9408881095205
123144483,Gabe,male,4be6c6ebd4f7c9b68b092720,John's Deli & Grocery,Deli / Bodega,40.725937671356334,-73.9408881095205
1631922,Dramane,male,4be6c6ebd4f7c9b68b092720,John's Deli & Grocery,Deli / Bodega,40.725937671356334,-73.9408881095205
1658484,Jackie,none,4be6c6ebd4f7c9b68b092720,John's Deli & Grocery,Deli / Bodega,40.725937671356334,-73.9408881095205
1597310,Frank,male,4be6c6ebd4f7c9b68b092720,John's Deli & Grocery,Deli / Bodega,40.725937671356334,-73.9408881095205
32999187,Lisa,female,4be6c6ebd4f7c9b68b092720,John's Deli & Grocery,Deli / Bodega,40.725937671356334,-73.9408881095205
4293643,Sarah,female,4be6c6ebd4f7c9b68b092720,John's Deli & Grocery,Deli / Bodega,40.725937671356334,-73.9408881095205
30902560,Ben,male,4be6c6ebd4f7c9b68b092720,John's Deli & Grocery,Deli / Bodega,40.725937671356334,-73.9408881095205
31174132,Mister,male,4be6c6ebd4f7c9b68b092720,John's Deli & Grocery,Deli / Bodega,40.725937671356334,-73.9408881095205
58116494,Giovanni,male,57f015e8498e549381716840,Atomic Freedom,Arts & Crafts Store,40.726502,-73.940189
32014308,George,male,4e0de83562e1d5a30cfb7b4b,Iesi,Recycling Facility,40.725400991199095,-73.93356245971707
48585942,Abby,female,53ac50e6498ea40e46ebb44d,Brooklyn Grain - Photography Studio,Photography Lab,40.72662767576595,-73.94006646872728
747228,Erik,male,53ac50e6498ea40e46ebb44d,Brooklyn Grain - Photography Studio,Photography Lab,40.72662767576595,-73.94006646872728
30922484,Samuel,male,4b7f3e6ef964a520de2130e3,Buckley's Self-Service Market,Convenience Store,40.7259172483383,-73.94178563591896
230356,ph,male,4b7f3e6ef964a520de2130e3,Buckley's Self-Service Market,Convenience Store,40.7259172483383,-73.94178563591896
656571,daniel,male,4b7f3e6ef964a520de2130e3,Buckley's Self-Service Market,Convenience Store,40.7259172483383,-73.94178563591896
125962940,Elizabeth,female,552ffb7d498e133766326519,LEIFSHOP.COM,Boutique,40.7266406214995,-73.94046255754523
2757414,Risa,female,4c13c60da5eb76b04384c0b7,"Readyset, Inc.",Design Studio,40.7268715232622,-73.94042237465858
1156079,Stephen,male,4cf3c94f7bf3b60cd5d26c7f,Van Dam Deli,Deli / Bodega,40.7360196334015,-73.93658034191168
60959911,Hakim,male,4cf3c94f7bf3b60cd5d26c7f,Van Dam Deli,Deli / Bodega,40.7360196334015,-73.93658034191168
16381484,Rafael,male,4b9eb7dbf964a52040fc36e3,Best Western City View Inn,Hotel,40.736216235156114,-73.9342198360141
90913045,Hanisah,female,4b9eb7dbf964a52040fc36e3,Best Western City View Inn,Hotel,40.736216235156114,-73.9342198360141
8328930,Maria,female,4e332ccd62845cff5a3c3f6b,Hooked On Tattoos,Tattoo Parlor,40.72398514644737,-73.93786213355276
26127005,David,male,4e332ccd62845cff5a3c3f6b,Hooked On Tattoos,Tattoo Parlor,40.72398514644737,-73.93786213355276
12461299,Horace Anthony,male,4e332ccd62845cff5a3c3f6b,Hooked On Tattoos,Tattoo Parlor,40.72398514644737,-73.93786213355276
16156536,Matthew,male,4c25ef47f7ced13a7e5e256d,Mario's Deli,Deli / Bodega,40.725954573648984,-73.9406477059288
7874505,Jake,male,4b3f7b71f964a5209fa725e3,Vinnie's Pizzeria,Pizza Place,40.725925566929156,-73.94171113921008
7835045,Paige,female,4b3f7b71f964a5209fa725e3,Vinnie's Pizzeria,Pizza Place,40.725925566929156,-73.94171113921008
85737023,Izzy,male,4b3f7b71f964a5209fa725e3,Vinnie's Pizzeria,Pizza Place,40.725925566929156,-73.94171113921008
419057269,Mackenzie,female,4b3f7b71f964a5209fa725e3,Vinnie's Pizzeria,Pizza Place,40.725925566929156,-73.94171113921008
56714992,Julia,female,4b3f7b71f964a5209fa725e3,Vinnie's Pizzeria,Pizza Place,40.725925566929156,-73.94171113921008
15187170,Jen,female,4b3f7b71f964a5209fa725e3,Vinnie's Pizzeria,Pizza Place,40.725925566929156,-73.94171113921008
494167208,Cassie,none,4b3f7b71f964a5209fa725e3,Vinnie's Pizzeria,Pizza Place,40.725925566929156,-73.94171113921008
88280630,Cristina,female,4b3f7b71f964a5209fa725e3,Vinnie's Pizzeria,Pizza Place,40.725925566929156,-73.94171113921008
190864061,Joseph,male,4b3f7b71f964a5209fa725e3,Vinnie's Pizzeria,Pizza Place,40.725925566929156,-73.94171113921008
17201525,Ivana,female,4b3f7b71f964a5209fa725e3,Vinnie's Pizzeria,Pizza Place,40.725925566929156,-73.94171113921008
130331008,Emily,female,4b3f7b71f964a5209fa725e3,Vinnie's Pizzeria,Pizza Place,40.725925566929156,-73.94171113921008
59176945,Danni,female,4b3f7b71f964a5209fa725e3,Vinnie's Pizzeria,Pizza Place,40.725925566929156,-73.94171113921008
30922484,Samuel,male,4b3f7b71f964a5209fa725e3,Vinnie's Pizzeria,Pizza Place,40.725925566929156,-73.94171113921008
381833035,Leirin Manuel,male,4b3f7b71f964a5209fa725e3,Vinnie's Pizzeria,Pizza Place,40.725925566929156,-73.94171113921008
34792192,Mankynd,male,4b3f7b71f964a5209fa725e3,Vinnie's Pizzeria,Pizza Place,40.725925566929156,-73.94171113921008
386285418,Samantha,female,4b3f7b71f964a5209fa725e3,Vinnie's Pizzeria,Pizza Place,40.725925566929156,-73.94171113921008
337028326,Sam,none,4b3f7b71f964a5209fa725e3,Vinnie's Pizzeria,Pizza Place,40.725925566929156,-73.94171113921008
94226579,Sara,female,4b3f7b71f964a5209fa725e3,Vinnie's Pizzeria,Pizza Place,40.725925566929156,-73.94171113921008
123144483,Gabe,male,4b3f7b71f964a5209fa725e3,Vinnie's Pizzeria,Pizza Place,40.725925566929156,-73.94171113921008
409822014,Alison,female,4b3f7b71f964a5209fa725e3,Vinnie's Pizzeria,Pizza Place,40.725925566929156,-73.94171113921008
30902560,Ben,male,4b3f7b71f964a5209fa725e3,Vinnie's Pizzeria,Pizza Place,40.725925566929156,-73.94171113921008
6036706,Elizabeth,female,4b3f7b71f964a5209fa725e3,Vinnie's Pizzeria,Pizza Place,40.725925566929156,-73.94171113921008
2732760,Richard,male,4b3f7b71f964a5209fa725e3,Vinnie's Pizzeria,Pizza Place,40.725925566929156,-73.94171113921008
64326096,Malin,male,4b3f7b71f964a5209fa725e3,Vinnie's Pizzeria,Pizza Place,40.725925566929156,-73.94171113921008
365684,Nathen,male,4b3f7b71f964a5209fa725e3,Vinnie's Pizzeria,Pizza Place,40.725925566929156,-73.94171113921008
1983569,Richard,male,4b3f7b71f964a5209fa725e3,Vinnie's Pizzeria,Pizza Place,40.725925566929156,-73.94171113921008
323388,Jay,male,4b3f7b71f964a5209fa725e3,Vinnie's Pizzeria,Pizza Place,40.725925566929156,-73.94171113921008
17599,Jason,male,4b3f7b71f964a5209fa725e3,Vinnie's Pizzeria,Pizza Place,40.725925566929156,-73.94171113921008
32999187,Lisa,female,4b3f7b71f964a5209fa725e3,Vinnie's Pizzeria,Pizza Place,40.725925566929156,-73.94171113921008
44043949,Kubilay Serdar,male,4b3f7b71f964a5209fa725e3,Vinnie's Pizzeria,Pizza Place,40.725925566929156,-73.94171113921008
31596398,Oswald,male,4b3f7b71f964a5209fa725e3,Vinnie's Pizzeria,Pizza Place,40.725925566929156,-73.94171113921008
93999219,Maree,female,4b3f7b71f964a5209fa725e3,Vinnie's Pizzeria,Pizza Place,40.725925566929156,-73.94171113921008
25795915,Caitlin,female,4b3f7b71f964a5209fa725e3,Vinnie's Pizzeria,Pizza Place,40.725925566929156,-73.94171113921008
54284456,Yasmina,female,4b3f7b71f964a5209fa725e3,Vinnie's Pizzeria,Pizza Place,40.725925566929156,-73.94171113921008
2313621,JÃ©rÃ©my,male,4b3f7b71f964a5209fa725e3,Vinnie's Pizzeria,Pizza Place,40.725925566929156,-73.94171113921008
91723,Ben,male,4b3f7b71f964a5209fa725e3,Vinnie's Pizzeria,Pizza Place,40.725925566929156,-73.94171113921008
57253698,Andrei,male,4b3f7b71f964a5209fa725e3,Vinnie's Pizzeria,Pizza Place,40.725925566929156,-73.94171113921008
2919567,Aymeric,male,4b3f7b71f964a5209fa725e3,Vinnie's Pizzeria,Pizza Place,40.725925566929156,-73.94171113921008
1316043,Thomas,male,4b3f7b71f964a5209fa725e3,Vinnie's Pizzeria,Pizza Place,40.725925566929156,-73.94171113921008
14156587,Liz,female,4b3f7b71f964a5209fa725e3,Vinnie's Pizzeria,Pizza Place,40.725925566929156,-73.94171113921008
41326726,Jeffrey,male,4b3f7b71f964a5209fa725e3,Vinnie's Pizzeria,Pizza Place,40.725925566929156,-73.94171113921008
149698841,Francis,male,4b3f7b71f964a5209fa725e3,Vinnie's Pizzeria,Pizza Place,40.725925566929156,-73.94171113921008
27945,micilin,female,4b3f7b71f964a5209fa725e3,Vinnie's Pizzeria,Pizza Place,40.725925566929156,-73.94171113921008
138283948,Barry,female,4b3f7b71f964a5209fa725e3,Vinnie's Pizzeria,Pizza Place,40.725925566929156,-73.94171113921008
22448384,Masha,female,4b3f7b71f964a5209fa725e3,Vinnie's Pizzeria,Pizza Place,40.725925566929156,-73.94171113921008
92068403,Alex,male,4b3f7b71f964a5209fa725e3,Vinnie's Pizzeria,Pizza Place,40.725925566929156,-73.94171113921008
281757,Sam,male,4b3f7b71f964a5209fa725e3,Vinnie's Pizzeria,Pizza Place,40.725925566929156,-73.94171113921008
74935761,Dr.,male,4b3f7b71f964a5209fa725e3,Vinnie's Pizzeria,Pizza Place,40.725925566929156,-73.94171113921008
2978340,Aesop,male,4b3f7b71f964a5209fa725e3,Vinnie's Pizzeria,Pizza Place,40.725925566929156,-73.94171113921008
28526397,Stacey,female,4b3f7b71f964a5209fa725e3,Vinnie's Pizzeria,Pizza Place,40.725925566929156,-73.94171113921008
6422434,David,male,4b3f7b71f964a5209fa725e3,Vinnie's Pizzeria,Pizza Place,40.725925566929156,-73.94171113921008
135485303,Randolph,male,4b3f7b71f964a5209fa725e3,Vinnie's Pizzeria,Pizza Place,40.725925566929156,-73.94171113921008
137512905,Alexandra,female,4b3f7b71f964a5209fa725e3,Vinnie's Pizzeria,Pizza Place,40.725925566929156,-73.94171113921008
130095144,Vivek,male,4b3f7b71f964a5209fa725e3,Vinnie's Pizzeria,Pizza Place,40.725925566929156,-73.94171113921008
404761,Dan,male,4b3f7b71f964a5209fa725e3,Vinnie's Pizzeria,Pizza Place,40.725925566929156,-73.94171113921008
33734942,Jonathan,male,4b3f7b71f964a5209fa725e3,Vinnie's Pizzeria,Pizza Place,40.725925566929156,-73.94171113921008
1222882,Shane,male,4b3f7b71f964a5209fa725e3,Vinnie's Pizzeria,Pizza Place,40.725925566929156,-73.94171113921008
9124256,GG,female,4b3f7b71f964a5209fa725e3,Vinnie's Pizzeria,Pizza Place,40.725925566929156,-73.94171113921008
122734326,Sara,female,4b3f7b71f964a5209fa725e3,Vinnie's Pizzeria,Pizza Place,40.725925566929156,-73.94171113921008
80604,Liza,female,4b3f7b71f964a5209fa725e3,Vinnie's Pizzeria,Pizza Place,40.725925566929156,-73.94171113921008
14186994,Dennis,none,4b3f7b71f964a5209fa725e3,Vinnie's Pizzeria,Pizza Place,40.725925566929156,-73.94171113921008
43903655,Eric,male,4b3f7b71f964a5209fa725e3,Vinnie's Pizzeria,Pizza Place,40.725925566929156,-73.94171113921008
96138727,Winnie,female,4b3f7b71f964a5209fa725e3,Vinnie's Pizzeria,Pizza Place,40.725925566929156,-73.94171113921008
48061,Nicole,female,4b3f7b71f964a5209fa725e3,Vinnie's Pizzeria,Pizza Place,40.725925566929156,-73.94171113921008
117950175,Katarzyna,female,4b3f7b71f964a5209fa725e3,Vinnie's Pizzeria,Pizza Place,40.725925566929156,-73.94171113921008
71242109,Cheryl,female,4b3f7b71f964a5209fa725e3,Vinnie's Pizzeria,Pizza Place,40.725925566929156,-73.94171113921008
12020,Steve,male,4b3f7b71f964a5209fa725e3,Vinnie's Pizzeria,Pizza Place,40.725925566929156,-73.94171113921008
193364,Adrienne,female,4b3f7b71f964a5209fa725e3,Vinnie's Pizzeria,Pizza Place,40.725925566929156,-73.94171113921008
59826344,Justin,male,4b3f7b71f964a5209fa725e3,Vinnie's Pizzeria,Pizza Place,40.725925566929156,-73.94171113921008
2877247,Martinez,male,4b3f7b71f964a5209fa725e3,Vinnie's Pizzeria,Pizza Place,40.725925566929156,-73.94171113921008
57284247,Gabriel,none,4b3f7b71f964a5209fa725e3,Vinnie's Pizzeria,Pizza Place,40.725925566929156,-73.94171113921008
14662377,Ian,none,4b3f7b71f964a5209fa725e3,Vinnie's Pizzeria,Pizza Place,40.725925566929156,-73.94171113921008
126234,Dave,male,4b3f7b71f964a5209fa725e3,Vinnie's Pizzeria,Pizza Place,40.725925566929156,-73.94171113921008
26669372,Ana Marie,female,4b3f7b71f964a5209fa725e3,Vinnie's Pizzeria,Pizza Place,40.725925566929156,-73.94171113921008
1619698,Dan,male,4b3f7b71f964a5209fa725e3,Vinnie's Pizzeria,Pizza Place,40.725925566929156,-73.94171113921008
870293,Nicky,male,4b3f7b71f964a5209fa725e3,Vinnie's Pizzeria,Pizza Place,40.725925566929156,-73.94171113921008
5011,Matt,male,4b3f7b71f964a5209fa725e3,Vinnie's Pizzeria,Pizza Place,40.725925566929156,-73.94171113921008
35972147,Brian,male,4b3f7b71f964a5209fa725e3,Vinnie's Pizzeria,Pizza Place,40.725925566929156,-73.94171113921008
228661,Caleb,male,4b3f7b71f964a5209fa725e3,Vinnie's Pizzeria,Pizza Place,40.725925566929156,-73.94171113921008
82858053,Rachel,female,4b3f7b71f964a5209fa725e3,Vinnie's Pizzeria,Pizza Place,40.725925566929156,-73.94171113921008
215247,Chelsea,female,4b3f7b71f964a5209fa725e3,Vinnie's Pizzeria,Pizza Place,40.725925566929156,-73.94171113921008
91064177,Katie,female,4b3f7b71f964a5209fa725e3,Vinnie's Pizzeria,Pizza Place,40.725925566929156,-73.94171113921008
1526948,Casey,female,4b3f7b71f964a5209fa725e3,Vinnie's Pizzeria,Pizza Place,40.725925566929156,-73.94171113921008
46763377,Nick,male,4b3f7b71f964a5209fa725e3,Vinnie's Pizzeria,Pizza Place,40.725925566929156,-73.94171113921008
60639617,Sandra,female,4b3f7b71f964a5209fa725e3,Vinnie's Pizzeria,Pizza Place,40.725925566929156,-73.94171113921008
1942563,Paul,none,4b3f7b71f964a5209fa725e3,Vinnie's Pizzeria,Pizza Place,40.725925566929156,-73.94171113921008
34720932,Vincent,male,4b3f7b71f964a5209fa725e3,Vinnie's Pizzeria,Pizza Place,40.725925566929156,-73.94171113921008
714536,mihir,male,4b3f7b71f964a5209fa725e3,Vinnie's Pizzeria,Pizza Place,40.725925566929156,-73.94171113921008
74527067,James,male,4b3f7b71f964a5209fa725e3,Vinnie's Pizzeria,Pizza Place,40.725925566929156,-73.94171113921008
82925144,Lucy,female,4b3f7b71f964a5209fa725e3,Vinnie's Pizzeria,Pizza Place,40.725925566929156,-73.94171113921008
1991659,Tim,male,4b3f7b71f964a5209fa725e3,Vinnie's Pizzeria,Pizza Place,40.725925566929156,-73.94171113921008
794947,Misha,female,4b3f7b71f964a5209fa725e3,Vinnie's Pizzeria,Pizza Place,40.725925566929156,-73.94171113921008
24055460,Tuesday,female,4b3f7b71f964a5209fa725e3,Vinnie's Pizzeria,Pizza Place,40.725925566929156,-73.94171113921008
21532881,John,male,4b3f7b71f964a5209fa725e3,Vinnie's Pizzeria,Pizza Place,40.725925566929156,-73.94171113921008
20142645,Blake,male,4b3f7b71f964a5209fa725e3,Vinnie's Pizzeria,Pizza Place,40.725925566929156,-73.94171113921008
1391389,David,male,4b3f7b71f964a5209fa725e3,Vinnie's Pizzeria,Pizza Place,40.725925566929156,-73.94171113921008
5292308,Leigh,female,4b3f7b71f964a5209fa725e3,Vinnie's Pizzeria,Pizza Place,40.725925566929156,-73.94171113921008
7809025,Jethro,male,4b3f7b71f964a5209fa725e3,Vinnie's Pizzeria,Pizza Place,40.725925566929156,-73.94171113921008
79102,Jakub,male,4b3f7b71f964a5209fa725e3,Vinnie's Pizzeria,Pizza Place,40.725925566929156,-73.94171113921008
10902585,Mandy,female,4b3f7b71f964a5209fa725e3,Vinnie's Pizzeria,Pizza Place,40.725925566929156,-73.94171113921008
1911255,Henry W.,male,4b3f7b71f964a5209fa725e3,Vinnie's Pizzeria,Pizza Place,40.725925566929156,-73.94171113921008
88690,Justin,male,4b3f7b71f964a5209fa725e3,Vinnie's Pizzeria,Pizza Place,40.725925566929156,-73.94171113921008
1661,noel,male,4b3f7b71f964a5209fa725e3,Vinnie's Pizzeria,Pizza Place,40.725925566929156,-73.94171113921008
20483925,Heidi,female,4b3f7b71f964a5209fa725e3,Vinnie's Pizzeria,Pizza Place,40.725925566929156,-73.94171113921008
39645984,Miguel,none,4b3f7b71f964a5209fa725e3,Vinnie's Pizzeria,Pizza Place,40.725925566929156,-73.94171113921008
1770614,Jon Michael,male,4b3f7b71f964a5209fa725e3,Vinnie's Pizzeria,Pizza Place,40.725925566929156,-73.94171113921008
18044256,Amber,female,4b3f7b71f964a5209fa725e3,Vinnie's Pizzeria,Pizza Place,40.725925566929156,-73.94171113921008
47561748,Larry,male,4b3f7b71f964a5209fa725e3,Vinnie's Pizzeria,Pizza Place,40.725925566929156,-73.94171113921008
2338328,Andrew,male,4b3f7b71f964a5209fa725e3,Vinnie's Pizzeria,Pizza Place,40.725925566929156,-73.94171113921008
8603351,Prachi,female,4b3f7b71f964a5209fa725e3,Vinnie's Pizzeria,Pizza Place,40.725925566929156,-73.94171113921008
21356699,Sarah,female,4b3f7b71f964a5209fa725e3,Vinnie's Pizzeria,Pizza Place,40.725925566929156,-73.94171113921008
